,epoch,Training Loss,Valid. Loss,Valid. Accur.,Training Time,Validation Time
0,1,0.48667135413404533,0.41477198402086896,0.8300438596491229,0:01:05,0:00:03
1,2,0.31611777229614907,0.4456345144038399,0.8213404605263158,0:01:05,0:00:03
